-- phpMyAdmin SQL Dump
-- version 5.2.0
-- https://www.phpmyadmin.net/
--
-- Máy chủ: 127.0.0.1
-- Thời gian đã tạo: Th10 02, 2022 lúc 04:19 PM
-- Phiên bản máy phục vụ: 10.4.24-MariaDB
-- Phiên bản PHP: 8.1.6

SET SQL_MODE = "NO_AUTO_VALUE_ON_ZERO";
START TRANSACTION;
SET time_zone = "+00:00";


/*!40101 SET @OLD_CHARACTER_SET_CLIENT=@@CHARACTER_SET_CLIENT */;
/*!40101 SET @OLD_CHARACTER_SET_RESULTS=@@CHARACTER_SET_RESULTS */;
/*!40101 SET @OLD_COLLATION_CONNECTION=@@COLLATION_CONNECTION */;
/*!40101 SET NAMES utf8mb4 */;

--
-- Cơ sở dữ liệu: `db_banhang`
--

-- --------------------------------------------------------

--
-- Cấu trúc bảng cho bảng `bills`
--

CREATE TABLE `bills` (
  `id` int(10) UNSIGNED NOT NULL,
  `id_customer` int(11) DEFAULT NULL,
  `date_order` date DEFAULT NULL,
  `total` float DEFAULT NULL COMMENT 'tổng tiền',
  `payment` varchar(200) CHARACTER SET utf8 COLLATE utf8_unicode_ci DEFAULT NULL COMMENT 'hình thức thanh toán',
  `note` varchar(500) CHARACTER SET utf8 COLLATE utf8_unicode_ci DEFAULT NULL,
  `status` int(2) NOT NULL,
  `created_at` timestamp NULL DEFAULT current_timestamp() ON UPDATE current_timestamp(),
  `updated_at` timestamp NULL DEFAULT current_timestamp()
) ENGINE=MyISAM DEFAULT CHARSET=latin1;

--
-- Đang đổ dữ liệu cho bảng `bills`
--

INSERT INTO `bills` (`id`, `id_customer`, `date_order`, `total`, `payment`, `note`, `status`, `created_at`, `updated_at`) VALUES
(115, 140, '2022-11-02', 315000, 'COD', 'hiihi', 2, '2022-11-02 14:50:15', '2022-11-02 07:50:15');

-- --------------------------------------------------------

--
-- Cấu trúc bảng cho bảng `bill_detail`
--

CREATE TABLE `bill_detail` (
  `id` int(10) UNSIGNED NOT NULL,
  `id_bill` int(10) NOT NULL,
  `id_product` int(10) NOT NULL,
  `quantity` int(11) NOT NULL COMMENT 'số lượng',
  `unit_price` double NOT NULL,
  `created_at` timestamp NOT NULL DEFAULT current_timestamp() ON UPDATE current_timestamp(),
  `updated_at` timestamp NOT NULL DEFAULT '0000-00-00 00:00:00'
) ENGINE=MyISAM DEFAULT CHARSET=latin1;

--
-- Đang đổ dữ liệu cho bảng `bill_detail`
--

INSERT INTO `bill_detail` (`id`, `id_bill`, `id_product`, `quantity`, `unit_price`, `created_at`, `updated_at`) VALUES
(169, 115, 2, 2, 80000, '2022-11-02 07:48:05', '2022-11-02 07:48:05');

-- --------------------------------------------------------

--
-- Cấu trúc bảng cho bảng `coupons`
--

CREATE TABLE `coupons` (
  `id` int(10) NOT NULL,
  `name_coupon` varchar(20) COLLATE utf8mb4_unicode_ci NOT NULL,
  `description` varchar(100) COLLATE utf8mb4_unicode_ci NOT NULL,
  `value` int(10) NOT NULL,
  `created_at` timestamp NULL DEFAULT NULL,
  `updated_at` timestamp NULL DEFAULT NULL
) ENGINE=InnoDB DEFAULT CHARSET=utf8mb4 COLLATE=utf8mb4_unicode_ci;

--
-- Đang đổ dữ liệu cho bảng `coupons`
--

INSERT INTO `coupons` (`id`, `name_coupon`, `description`, `value`, `created_at`, `updated_at`) VALUES
(5, 'CHUCMUNGNAMCU', 'Giảm 30 nghàn', 30000, '2022-10-27 20:56:22', '2022-10-27 20:56:22');

-- --------------------------------------------------------

--
-- Cấu trúc bảng cho bảng `customer`
--

CREATE TABLE `customer` (
  `id` int(10) UNSIGNED NOT NULL,
  `name` varchar(100) COLLATE utf8_unicode_ci NOT NULL,
  `gender` varchar(10) COLLATE utf8_unicode_ci NOT NULL,
  `email` varchar(50) COLLATE utf8_unicode_ci NOT NULL,
  `address` varchar(100) COLLATE utf8_unicode_ci NOT NULL,
  `phone_number` varchar(20) COLLATE utf8_unicode_ci NOT NULL,
  `note` varchar(200) COLLATE utf8_unicode_ci DEFAULT NULL,
  `created_at` timestamp NOT NULL DEFAULT current_timestamp() ON UPDATE current_timestamp(),
  `updated_at` timestamp NOT NULL DEFAULT current_timestamp()
) ENGINE=MyISAM DEFAULT CHARSET=utf8 COLLATE=utf8_unicode_ci;

--
-- Đang đổ dữ liệu cho bảng `customer`
--

INSERT INTO `customer` (`id`, `name`, `gender`, `email`, `address`, `phone_number`, `note`, `created_at`, `updated_at`) VALUES
(140, 'Lê Lợi', 'Nam', 'leloi2002nvt@gmail.com', 'Sơn trà,Đà nẳng', '0357805837', 'hiihi', '2022-11-02 07:48:05', '2022-11-02 07:48:05');

-- --------------------------------------------------------

--
-- Cấu trúc bảng cho bảng `failed_jobs`
--

CREATE TABLE `failed_jobs` (
  `id` bigint(20) UNSIGNED NOT NULL,
  `uuid` varchar(255) COLLATE utf8mb4_unicode_ci NOT NULL,
  `connection` text COLLATE utf8mb4_unicode_ci NOT NULL,
  `queue` text COLLATE utf8mb4_unicode_ci NOT NULL,
  `payload` longtext COLLATE utf8mb4_unicode_ci NOT NULL,
  `exception` longtext COLLATE utf8mb4_unicode_ci NOT NULL,
  `failed_at` timestamp NOT NULL DEFAULT current_timestamp()
) ENGINE=InnoDB DEFAULT CHARSET=utf8mb4 COLLATE=utf8mb4_unicode_ci;

-- --------------------------------------------------------

--
-- Cấu trúc bảng cho bảng `migrations`
--

CREATE TABLE `migrations` (
  `id` int(10) UNSIGNED NOT NULL,
  `migration` varchar(255) COLLATE utf8mb4_unicode_ci NOT NULL,
  `batch` int(11) NOT NULL
) ENGINE=InnoDB DEFAULT CHARSET=utf8mb4 COLLATE=utf8mb4_unicode_ci;

--
-- Đang đổ dữ liệu cho bảng `migrations`
--

INSERT INTO `migrations` (`id`, `migration`, `batch`) VALUES
(1, '2014_10_12_000000_create_users_table', 1),
(2, '2014_10_12_100000_create_password_resets_table', 1),
(3, '2019_08_19_000000_create_failed_jobs_table', 1),
(4, '2019_12_14_000001_create_personal_access_tokens_table', 1);

-- --------------------------------------------------------

--
-- Cấu trúc bảng cho bảng `news`
--

CREATE TABLE `news` (
  `id` int(10) NOT NULL,
  `title` varchar(200) CHARACTER SET utf8 COLLATE utf8_unicode_ci NOT NULL COMMENT 'tiêu đề',
  `content` text CHARACTER SET utf8 COLLATE utf8_unicode_ci NOT NULL COMMENT 'nội dung',
  `image` varchar(100) CHARACTER SET utf8 COLLATE utf8_unicode_ci NOT NULL COMMENT 'hình',
  `create_at` timestamp NOT NULL DEFAULT current_timestamp() ON UPDATE current_timestamp(),
  `update_at` timestamp NOT NULL DEFAULT '0000-00-00 00:00:00'
) ENGINE=MyISAM DEFAULT CHARSET=utf8;

--
-- Đang đổ dữ liệu cho bảng `news`
--

INSERT INTO `news` (`id`, `title`, `content`, `image`, `create_at`, `update_at`) VALUES
(1, 'Mùa trung thu năm nay, Hỷ Lâm Môn muốn gửi đến quý khách hàng sản phẩm mới xuất hiện lần đầu tiên tại Việt nam \"Bánh trung thu Bơ Sữa HongKong\".', 'Những ý tưởng dưới đây sẽ giúp bạn sắp xếp tủ quần áo trong phòng ngủ chật hẹp của mình một cách dễ dàng và hiệu quả nhất. ', 'sample1.jpg', '2017-03-11 06:20:23', '0000-00-00 00:00:00'),
(2, 'Tư vấn cải tạo phòng ngủ nhỏ sao cho thoải mái và thoáng mát', 'Chúng tôi sẽ tư vấn cải tạo và bố trí nội thất để giúp phòng ngủ của chàng trai độc thân thật thoải mái, thoáng mát và sáng sủa nhất. ', 'sample2.jpg', '2016-10-20 02:07:14', '0000-00-00 00:00:00'),
(3, 'Đồ gỗ nội thất và nhu cầu, xu hướng sử dụng của người dùng', 'Đồ gỗ nội thất ngày càng được sử dụng phổ biến nhờ vào hiệu quả mà nó mang lại cho không gian kiến trúc. Xu thế của các gia đình hiện nay là muốn đem thiên nhiên vào nhà ', 'sample3.jpg', '2016-10-20 02:07:14', '0000-00-00 00:00:00'),
(4, 'Hướng dẫn sử dụng bảo quản đồ gỗ, nội thất.', 'Ngày nay, xu hướng chọn vật dụng làm bằng gỗ để trang trí, sử dụng trong văn phòng, gia đình được nhiều người ưa chuộng và quan tâm. Trên thị trường có nhiều sản phẩm mẫu ', 'sample4.jpg', '2016-10-20 02:07:14', '0000-00-00 00:00:00'),
(5, 'Phong cách mới trong sử dụng đồ gỗ nội thất gia đình', 'Đồ gỗ nội thất gia đình ngày càng được sử dụng phổ biến nhờ vào hiệu quả mà nó mang lại cho không gian kiến trúc. Phong cách sử dụng đồ gỗ hiện nay của các gia đình hầu h ', 'sample5.jpg', '2016-10-20 02:07:14', '0000-00-00 00:00:00');

-- --------------------------------------------------------

--
-- Cấu trúc bảng cho bảng `password_resets`
--

CREATE TABLE `password_resets` (
  `email` varchar(255) COLLATE utf8mb4_unicode_ci NOT NULL,
  `token` varchar(255) COLLATE utf8mb4_unicode_ci NOT NULL,
  `created_at` timestamp NULL DEFAULT NULL
) ENGINE=InnoDB DEFAULT CHARSET=utf8mb4 COLLATE=utf8mb4_unicode_ci;

-- --------------------------------------------------------

--
-- Cấu trúc bảng cho bảng `personal_access_tokens`
--

CREATE TABLE `personal_access_tokens` (
  `id` bigint(20) UNSIGNED NOT NULL,
  `tokenable_type` varchar(255) COLLATE utf8mb4_unicode_ci NOT NULL,
  `tokenable_id` bigint(20) UNSIGNED NOT NULL,
  `name` varchar(255) COLLATE utf8mb4_unicode_ci NOT NULL,
  `token` varchar(64) COLLATE utf8mb4_unicode_ci NOT NULL,
  `abilities` text COLLATE utf8mb4_unicode_ci DEFAULT NULL,
  `last_used_at` timestamp NULL DEFAULT NULL,
  `expires_at` timestamp NULL DEFAULT NULL,
  `created_at` timestamp NULL DEFAULT NULL,
  `updated_at` timestamp NULL DEFAULT NULL
) ENGINE=InnoDB DEFAULT CHARSET=utf8mb4 COLLATE=utf8mb4_unicode_ci;

-- --------------------------------------------------------

--
-- Cấu trúc bảng cho bảng `products`
--

CREATE TABLE `products` (
  `id` int(10) UNSIGNED NOT NULL,
  `name` varchar(100) COLLATE utf8_unicode_ci DEFAULT NULL,
  `id_type` int(10) UNSIGNED DEFAULT NULL,
  `description` text COLLATE utf8_unicode_ci DEFAULT NULL,
  `unit_price` float DEFAULT NULL,
  `promotion_price` float DEFAULT NULL,
  `image` varchar(255) COLLATE utf8_unicode_ci DEFAULT NULL,
  `unit` varchar(255) COLLATE utf8_unicode_ci DEFAULT NULL,
  `new` tinyint(4) DEFAULT 0,
  `created_at` timestamp NULL DEFAULT NULL,
  `updated_at` timestamp NULL DEFAULT NULL
) ENGINE=InnoDB DEFAULT CHARSET=utf8 COLLATE=utf8_unicode_ci;

--
-- Đang đổ dữ liệu cho bảng `products`
--

INSERT INTO `products` (`id`, `name`, `id_type`, `description`, `unit_price`, `promotion_price`, `image`, `unit`, `new`, `created_at`, `updated_at`) VALUES
(2, 'Bánh Crepe Chocolate', 6, '', 180000, 160000, 'crepe-chocolate.jpg', 'hộp', 1, '2016-10-26 03:00:16', '2016-10-24 22:11:00'),
(11, 'Bánh Gato Trái cây Việt Quất', 3, '', 250000, 0, '544bc48782741.png', 'cái', 0, '2016-10-12 02:00:00', '2016-10-27 02:24:00'),
(12, 'Bánh sinh nhật rau câu trái cây', 3, '', 200000, 180000, '210215-banh-sinh-nhat-rau-cau-body- (6).jpg', 'cái', 0, '2016-10-12 02:00:00', '2016-10-27 02:24:00'),
(13, 'Bánh kem Chocolate Dâu', 3, '', 300000, 280000, 'banh kem sinh nhat.jpg', 'cái', 1, '2016-10-12 02:00:00', '2016-10-27 02:24:00'),
(14, 'Bánh kem Dâu III', 3, '', 300000, 280000, 'Banh-kem (6).jpg', 'cái', 0, '2016-10-12 02:00:00', '2016-10-27 02:24:00'),
(15, 'Bánh kem Dâu I', 3, '', 350000, 320000, 'banhkem-dau.jpg', 'cái', 1, '2016-10-12 02:00:00', '2016-10-27 02:24:00'),
(16, 'Bánh trái cây II', 3, '', 150000, 120000, 'banhtraicay.jpg', 'hộp', 0, '2016-10-12 02:00:00', '2016-10-27 02:24:00'),
(17, 'Apple Cake', 3, '', 250000, 240000, 'Fruit-Cake_7979.jpg', 'cai', 0, '2016-10-12 02:00:00', '2016-10-27 02:24:00'),
(18, 'Bánh ngọt nhân cream táo', 2, '', 180000, 0, '20131108144733.jpg', 'hộp', 0, '2016-10-13 02:20:00', '2016-10-19 03:20:00'),
(19, 'Bánh Chocolate Trái cây', 2, '', 150000, 0, 'Fruit-Cake_7976.jpg', 'hộp', 1, '2016-10-13 02:20:00', '2016-10-19 03:20:00'),
(20, 'Bánh Chocolate Trái cây II', 2, '', 150000, 0, 'Fruit-Cake_7981.jpg', 'hộp', 0, '2016-10-13 02:20:00', '2016-10-19 03:20:00'),
(21, 'Peach Cake', 2, '', 160000, 150000, 'Peach-Cake_3294.jpg', 'cái', 0, '2016-10-13 02:20:00', '2016-10-19 03:20:00'),
(30, 'Bánh kem Chocolate Dâu I', 4, '', 380000, 350000, 'sli12.jpg', 'cái', 1, '2016-10-13 02:20:00', '2016-10-19 03:20:00'),
(31, 'Bánh kem Trái cây I', 4, '', 380000, 350000, 'Fruit-Cake.jpg', 'cái', 0, '2016-10-13 02:20:00', '2016-10-19 03:20:00'),
(32, 'Bánh kem Trái cây II', 4, '', 380000, 350000, 'Fruit-Cake_7971.jpg', 'cái', 0, '2016-10-13 02:20:00', '2016-10-19 03:20:00'),
(33, 'Bánh kem Doraemon', 4, '', 280000, 250000, 'p1392962167_banh74.jpg', 'cái', 1, '2016-10-13 02:20:00', '2016-10-19 03:20:00'),
(34, 'Bánh kem Caramen Pudding', 4, '', 280000, 0, 'Caramen-pudding636099031482099583.jpg', 'cái', 1, '2016-10-13 02:20:00', '2016-10-19 03:20:00'),
(35, 'Bánh kem Chocolate Fruit', 4, '', 320000, 300000, 'chocolate-fruit636098975917921990.jpg', 'cái', 1, '2016-10-13 02:20:00', '2016-10-19 03:20:00'),
(36, 'Bánh kem Coffee Chocolate GH6', 4, '', 320000, 300000, 'COFFE-CHOCOLATE636098977566220885.jpg', 'cái', 0, '2016-10-13 02:20:00', '2016-10-19 03:20:00'),
(37, 'Bánh kem Mango Mouse', 4, '', 320000, 300000, 'mango-mousse-cake.jpg', 'cái', 1, '2016-10-13 02:20:00', '2016-10-19 03:20:00'),
(38, 'Bánh kem Matcha Mouse', 4, '', 350000, 330000, 'MATCHA-MOUSSE.jpg', 'cái', 0, '2016-10-13 02:20:00', '2016-10-19 03:20:00'),
(39, 'Bánh kem Flower Fruit', 4, '', 350000, 330000, 'flower-fruits636102461981788938.jpg', 'cái', 0, '2016-10-13 02:20:00', '2016-10-19 03:20:00'),
(40, 'Bánh kem Strawberry Delight', 4, '', 350000, 330000, 'strawberry-delight636102445035635173.jpg', 'cái', 0, '2016-10-13 02:20:00', '2016-10-19 03:20:00'),
(41, 'Bánh kem Raspberry Delight', 4, '', 350000, 330000, 'raspberry.jpg', 'cái', 0, '2016-10-13 02:20:00', '2016-10-19 03:20:00'),
(42, 'Beefy Pizza', 6, 'Thịt bò xay, ngô, sốt BBQ, phô mai mozzarella', 150000, 130000, '40819_food_pizza.jpg', 'cái', 0, '2016-10-13 02:20:00', '2016-10-19 03:20:00'),
(43, 'Hawaii Pizza', 6, 'Sốt cà chua, ham , dứa, pho mai mozzarella', 120000, 0, 'hawaiian paradise_large-900x900.jpg', 'cái', 1, '2016-10-13 02:20:00', '2016-10-19 03:20:00'),
(44, 'Smoke Chicken Pizza', 6, 'Gà hun khói,nấm, sốt cà chua, pho mai mozzarella.', 120000, 0, 'chicken black pepper_large-900x900.jpg', 'cái', 0, '2016-10-13 02:20:00', '2016-10-19 03:20:00'),
(46, 'Ocean Pizza', 6, 'Tôm , mực, xào cay,ớt xanh, hành tây, cà chua, phomai mozzarella.', 120000, 0, 'seafood curry_large-900x900.jpg', 'cái', 0, '2016-10-13 02:20:00', '2016-10-19 03:20:00'),
(47, 'All Meaty Pizza', 6, 'Ham, bacon, chorizo, pho mai mozzarella.', 140000, 0, 'all1).jpg', 'cái', 0, '2016-10-13 02:20:00', '2016-10-19 03:20:00'),
(48, 'Tuna Pizzaa', 6, 'Cá Ngừ, sốt Mayonnaise,sốt càchua, hành tây, pho mai Mozzarella', 140000, 130000, '54eaf93713081_-_07-germany-tuna.jpg', 'cái', 0, '2016-10-13 02:20:00', '2022-10-17 09:30:25'),
(58, 'Bánh Macaron Pháp', 2, 'Thưởng thức macaron, người ta có thể tìm thấy từ những hương vị truyền thống như mâm xôi, chocolate, cho đến những hương vị mới như nấm và trà xanh. Macaron với vị giòn tan của vỏ bánh, béo ngậy ngọt ngào của phần nhân, với vẻ ngoài đáng yêu và nhiều màu sắc đẹp mắt, đây là món bạn không nên bỏ qua khi khám phá nền ẩm thực Pháp.', 200000, 180000, 'Macaron9.jpg', '', 0, '2016-10-26 17:00:00', '2016-10-11 17:00:00'),
(59, 'Bánh Tiramisu - Italia', 2, 'Chỉ cần cắn một miếng, bạn sẽ cảm nhận được tất cả các hương vị đó hòa quyện cùng một chính vì thế người ta còn ví món bánh này là Thiên đường trong miệng của bạn', 200000, 0, '234.jpg', '', 0, '2016-10-26 17:00:00', '2016-10-11 17:00:00'),
(60, 'Bánh Táo - Mỹ', 2, 'Bánh táo Mỹ với phần vỏ bánh mỏng, giòn mềm, ẩn chứa phần nhân táo thơm ngọt, điểm chút vị chua dịu của trái cây quả sẽ là một lựa chọn hoàn hảo cho những tín đồ bánh ngọt trên toàn thế giới.', 200000, 0, '1234.jpg', '', 0, '2016-10-26 17:00:00', '2016-10-11 17:00:00'),
(64, 'Bánh mặn', 4, 'sd', 123000, 120000, '1666110126_544bc48782741.png', 'Cái', 0, '2022-10-18 09:22:06', '2022-10-27 08:24:13'),
(66, 'Banh meo', 2, 'Quá ngon', 130000, 120000, '1667129835_hài trần đức bojpg.jpg', 'Cái', 1, '2022-10-30 04:37:15', '2022-10-30 04:37:15'),
(67, 'Pizza man', 6, 'Tuyejt voi', 300000, 250000, '1667399473_Hình-nền-vết-thương-lòng-1536x864.png', 'Cái', 1, '2022-11-02 07:31:13', '2022-11-02 07:31:13'),
(68, 'Piza man', 6, 'hihi', 300000, 250000, '1667400711_Hình-nền-vết-thương-lòng-1536x864.png', 'Cái', 1, '2022-11-02 07:51:51', '2022-11-02 07:51:51');

-- --------------------------------------------------------

--
-- Cấu trúc bảng cho bảng `product_like`
--

CREATE TABLE `product_like` (
  `ID` int(11) NOT NULL,
  `email` varchar(100) COLLATE utf8mb4_unicode_ci NOT NULL,
  `id_product` int(10) UNSIGNED NOT NULL,
  `created_at` timestamp NULL DEFAULT NULL,
  `updated_at` timestamp NULL DEFAULT NULL
) ENGINE=InnoDB DEFAULT CHARSET=utf8mb4 COLLATE=utf8mb4_unicode_ci;

--
-- Đang đổ dữ liệu cho bảng `product_like`
--

INSERT INTO `product_like` (`ID`, `email`, `id_product`, `created_at`, `updated_at`) VALUES
(53, 'leloi2002nvt@gmail.com', 15, '2022-11-02 07:25:07', '2022-11-02 07:25:07'),
(54, 'leloi2002nvt@gmail.com', 13, '2022-11-02 07:45:37', '2022-11-02 07:45:37');

-- --------------------------------------------------------

--
-- Cấu trúc bảng cho bảng `slides`
--

CREATE TABLE `slides` (
  `id` int(11) NOT NULL,
  `image` varchar(100) NOT NULL,
  `updated_at` timestamp NULL DEFAULT NULL,
  `created_at` timestamp NULL DEFAULT NULL
) ENGINE=InnoDB DEFAULT CHARSET=utf8;

--
-- Đang đổ dữ liệu cho bảng `slides`
--

INSERT INTO `slides` (`id`, `image`, `updated_at`, `created_at`) VALUES
(2, 'banner2.jpg', NULL, NULL),
(3, 'banner3.jpg', NULL, NULL),
(4, 'banner4.jpg', NULL, NULL);

-- --------------------------------------------------------

--
-- Cấu trúc bảng cho bảng `type_products`
--

CREATE TABLE `type_products` (
  `id` int(10) UNSIGNED NOT NULL,
  `name` varchar(100) COLLATE utf8_unicode_ci NOT NULL,
  `description` text COLLATE utf8_unicode_ci NOT NULL,
  `image` varchar(255) COLLATE utf8_unicode_ci NOT NULL,
  `created_at` timestamp NULL DEFAULT NULL,
  `updated_at` timestamp NULL DEFAULT NULL
) ENGINE=InnoDB DEFAULT CHARSET=utf8 COLLATE=utf8_unicode_ci;

--
-- Đang đổ dữ liệu cho bảng `type_products`
--

INSERT INTO `type_products` (`id`, `name`, `description`, `image`, `created_at`, `updated_at`) VALUES
(2, 'Bánh ngọt', 'Bánh ngọt là một loại thức ăn thường dưới hình thức món bánh dạng bánh mì từ bột nhào, được nướng lên dùng để tráng miệng. Bánh ngọt có nhiều loại, có thể phân loại dựa theo nguyên liệu và kỹ thuật chế biến như bánh ngọt làm từ lúa mì, bơ, bánh ngọt dạng bọt biển. Bánh ngọt có thể phục vụ những mục đính đặc biệt như bánh cưới, bánh sinh nhật, bánh Giáng sinh, bánh Halloween..', '20131108144733.jpg', '2016-10-12 02:16:15', '2016-10-13 01:38:35'),
(3, 'Bánh trái cây', 'Bánh trái cây, hay còn gọi là bánh hoa quả, là một món ăn chơi, không riêng gì của Huế nhưng khi \"lạc\" vào mảnh đất Cố đô, món bánh này dường như cũng mang chút tinh tế, cầu kỳ và đặc biệt. Lấy cảm hứng từ những loại trái cây trong vườn, qua bàn tay khéo léo của người phụ nữ Huế, món bánh trái cây ra đời - ngọt thơm, dịu nhẹ làm đẹp lòng biết bao người thưởng thức.', 'banhtraicay.jpg', '2016-10-18 00:33:33', '2016-10-15 07:25:27'),
(4, 'Bánh kem', 'Với người Việt Nam thì bánh ngọt nói chung đều hay được quy về bánh bông lan – một loại tráng miệng bông xốp, ăn không hoặc được phủ kem lên thành bánh kem.', 'banhkem.jpg', '2016-10-26 03:29:19', '2022-10-16 06:19:52'),
(6, 'Bánh Pizza', 'Pizza đã không chỉ còn là một món ăn được ưa chuộng khắp thế giới mà còn được những nhà cầm quyền EU chứng nhận là một phần di sản văn hóa ẩm thực châu Âu. Và để được chứng nhận là một nhà sản xuất pizza không hề đơn giản. Người ta phải qua đủ mọi các bước xét duyệt của chính phủ Ý và liên minh châu Âu nữa… tất cả là để đảm bảo danh tiếng cho món ăn này.', 'pizza.jpg', '2016-10-25 17:19:00', NULL);

-- --------------------------------------------------------

--
-- Cấu trúc bảng cho bảng `users`
--

CREATE TABLE `users` (
  `id` bigint(20) UNSIGNED NOT NULL,
  `full_name` varchar(255) COLLATE utf8mb4_unicode_ci NOT NULL,
  `email` varchar(255) COLLATE utf8mb4_unicode_ci NOT NULL,
  `password` varchar(255) COLLATE utf8mb4_unicode_ci NOT NULL,
  `phone` varchar(255) COLLATE utf8mb4_unicode_ci NOT NULL,
  `address` varchar(255) COLLATE utf8mb4_unicode_ci NOT NULL,
  `level` int(11) NOT NULL,
  `remember_token` varchar(100) COLLATE utf8mb4_unicode_ci DEFAULT NULL,
  `created_at` timestamp NULL DEFAULT NULL,
  `updated_at` timestamp NULL DEFAULT NULL
) ENGINE=InnoDB DEFAULT CHARSET=utf8mb4 COLLATE=utf8mb4_unicode_ci;

--
-- Đang đổ dữ liệu cho bảng `users`
--

INSERT INTO `users` (`id`, `full_name`, `email`, `password`, `phone`, `address`, `level`, `remember_token`, `created_at`, `updated_at`) VALUES
(2, 'Le Loi dep trai', 'leloideptrai@gmail.com', '$2y$10$IvTVVGSpllaQ2MJiYZuwceX/Y8hkw1aR3kC7v.SDf8NzmmLZh0NMS', '0357805837', 'Sơn trà,Đà nẳng', 1, NULL, '2022-10-09 19:05:29', '2022-11-02 07:02:33'),
(14, 'Le loie213', 'leloi2002nvt@gmail.com', '$2y$10$P5ZsUNoebBes.duNEh5RmOA0lsMwfzgBRMqw72evPJ7lHvxYn3flS', '0357805837', 'Sơn trà,Đà nẳng', 1, NULL, '2022-11-02 07:44:34', '2022-11-02 07:53:43');

--
-- Chỉ mục cho các bảng đã đổ
--

--
-- Chỉ mục cho bảng `bills`
--
ALTER TABLE `bills`
  ADD PRIMARY KEY (`id`),
  ADD KEY `bills_ibfk_1` (`id_customer`);

--
-- Chỉ mục cho bảng `bill_detail`
--
ALTER TABLE `bill_detail`
  ADD PRIMARY KEY (`id`),
  ADD KEY `bill_detail_ibfk_2` (`id_product`);

--
-- Chỉ mục cho bảng `coupons`
--
ALTER TABLE `coupons`
  ADD PRIMARY KEY (`id`);

--
-- Chỉ mục cho bảng `customer`
--
ALTER TABLE `customer`
  ADD PRIMARY KEY (`id`);

--
-- Chỉ mục cho bảng `failed_jobs`
--
ALTER TABLE `failed_jobs`
  ADD PRIMARY KEY (`id`),
  ADD UNIQUE KEY `failed_jobs_uuid_unique` (`uuid`);

--
-- Chỉ mục cho bảng `migrations`
--
ALTER TABLE `migrations`
  ADD PRIMARY KEY (`id`);

--
-- Chỉ mục cho bảng `news`
--
ALTER TABLE `news`
  ADD PRIMARY KEY (`id`);

--
-- Chỉ mục cho bảng `password_resets`
--
ALTER TABLE `password_resets`
  ADD KEY `password_resets_email_index` (`email`);

--
-- Chỉ mục cho bảng `personal_access_tokens`
--
ALTER TABLE `personal_access_tokens`
  ADD PRIMARY KEY (`id`),
  ADD UNIQUE KEY `personal_access_tokens_token_unique` (`token`),
  ADD KEY `personal_access_tokens_tokenable_type_tokenable_id_index` (`tokenable_type`,`tokenable_id`);

--
-- Chỉ mục cho bảng `products`
--
ALTER TABLE `products`
  ADD PRIMARY KEY (`id`),
  ADD KEY `products_id_type_foreign` (`id_type`);

--
-- Chỉ mục cho bảng `product_like`
--
ALTER TABLE `product_like`
  ADD PRIMARY KEY (`ID`),
  ADD KEY `id_product` (`id_product`);

--
-- Chỉ mục cho bảng `slides`
--
ALTER TABLE `slides`
  ADD PRIMARY KEY (`id`);

--
-- Chỉ mục cho bảng `type_products`
--
ALTER TABLE `type_products`
  ADD PRIMARY KEY (`id`);

--
-- Chỉ mục cho bảng `users`
--
ALTER TABLE `users`
  ADD PRIMARY KEY (`id`),
  ADD UNIQUE KEY `users_email_unique` (`email`);

--
-- AUTO_INCREMENT cho các bảng đã đổ
--

--
-- AUTO_INCREMENT cho bảng `bills`
--
ALTER TABLE `bills`
  MODIFY `id` int(10) UNSIGNED NOT NULL AUTO_INCREMENT, AUTO_INCREMENT=116;

--
-- AUTO_INCREMENT cho bảng `bill_detail`
--
ALTER TABLE `bill_detail`
  MODIFY `id` int(10) UNSIGNED NOT NULL AUTO_INCREMENT, AUTO_INCREMENT=170;

--
-- AUTO_INCREMENT cho bảng `coupons`
--
ALTER TABLE `coupons`
  MODIFY `id` int(10) NOT NULL AUTO_INCREMENT, AUTO_INCREMENT=6;

--
-- AUTO_INCREMENT cho bảng `customer`
--
ALTER TABLE `customer`
  MODIFY `id` int(10) UNSIGNED NOT NULL AUTO_INCREMENT, AUTO_INCREMENT=141;

--
-- AUTO_INCREMENT cho bảng `failed_jobs`
--
ALTER TABLE `failed_jobs`
  MODIFY `id` bigint(20) UNSIGNED NOT NULL AUTO_INCREMENT;

--
-- AUTO_INCREMENT cho bảng `migrations`
--
ALTER TABLE `migrations`
  MODIFY `id` int(10) UNSIGNED NOT NULL AUTO_INCREMENT, AUTO_INCREMENT=5;

--
-- AUTO_INCREMENT cho bảng `personal_access_tokens`
--
ALTER TABLE `personal_access_tokens`
  MODIFY `id` bigint(20) UNSIGNED NOT NULL AUTO_INCREMENT;

--
-- AUTO_INCREMENT cho bảng `products`
--
ALTER TABLE `products`
  MODIFY `id` int(10) UNSIGNED NOT NULL AUTO_INCREMENT, AUTO_INCREMENT=69;

--
-- AUTO_INCREMENT cho bảng `product_like`
--
ALTER TABLE `product_like`
  MODIFY `ID` int(11) NOT NULL AUTO_INCREMENT, AUTO_INCREMENT=55;

--
-- AUTO_INCREMENT cho bảng `slides`
--
ALTER TABLE `slides`
  MODIFY `id` int(11) NOT NULL AUTO_INCREMENT, AUTO_INCREMENT=8;

--
-- AUTO_INCREMENT cho bảng `type_products`
--
ALTER TABLE `type_products`
  MODIFY `id` int(10) UNSIGNED NOT NULL AUTO_INCREMENT, AUTO_INCREMENT=11;

--
-- AUTO_INCREMENT cho bảng `users`
--
ALTER TABLE `users`
  MODIFY `id` bigint(20) UNSIGNED NOT NULL AUTO_INCREMENT, AUTO_INCREMENT=15;

--
-- Các ràng buộc cho các bảng đã đổ
--

--
-- Các ràng buộc cho bảng `products`
--
ALTER TABLE `products`
  ADD CONSTRAINT `products_id_type_foreign` FOREIGN KEY (`id_type`) REFERENCES `type_products` (`id`);

--
-- Các ràng buộc cho bảng `product_like`
--
ALTER TABLE `product_like`
  ADD CONSTRAINT `product_like_ibfk_1` FOREIGN KEY (`id_product`) REFERENCES `products` (`id`);
COMMIT;

/*!40101 SET CHARACTER_SET_CLIENT=@OLD_CHARACTER_SET_CLIENT */;
/*!40101 SET CHARACTER_SET_RESULTS=@OLD_CHARACTER_SET_RESULTS */;
/*!40101 SET COLLATION_CONNECTION=@OLD_COLLATION_CONNECTION */;
